STATEFP,PLACEFP,PLACENS,AFFGEOID,GEOID,NAME,NAMELSAD,STUSPS,STATE_NAME,LSAD,ALAND,AWATER,full_fips
01,34024,02404677,1600000US0134024,0134024,Helena,Helena city,AL,Alabama,25,57128218,824952,0134024
01,57576,02404451,1600000US0157576,0157576,Oxford,Oxford city,AL,Alabama,25,82420403,943609,0157576
01,26992,02403626,1600000US0126992,0126992,Foley,Foley city,AL,Alabama,25,84199106,374359,0126992
01,00988,02403074,1600000US0100988,0100988,Albertville,Albertville city,AL,Alabama,25,69770754,258708,0100988
01,62496,02404573,1600000US0162496,0162496,Prichard,Prichard city,AL,Alabama,25,65542049,527534,0162496
01,51696,02404329,1600000US0151696,0151696,Mountain Brook,Mountain Brook city,AL,Alabama,25,33203001,49564,0151696
01,25240,02403590,1600000US0125240,0125240,Fairhope,Fairhope city,AL,Alabama,25,37491325,144549,0125240
04,02430,02582729,1600000US0402430,0402430,Anthem,Anthem CDP,AZ,Arizona,57,20501893,9115,0402430
04,20540,02408687,1600000US0420540,0420540,Drexel Heights,Drexel Heights CDP,AZ,Arizona,57,49848704,0,0420540
04,49360,02408920,1600000US0449360,0449360,New River,New River CDP,AZ,Arizona,57,145319855,28824,0449360
04,49640,02411260,1600000US0449640,0449640,Nogales,Nogales city,AZ,Arizona,25,53923635,36580,0449640
04,60180,02629190,1600000US0460180,0460180,Rio Rico,Rio Rico CDP,AZ,Arizona,57,163391670,486173,0460180
05,12820,02404021,1600000US0512820,0512820,Centerton,Centerton city,AR,Arkansas,25,35332233,354219,0512820
05,44600,02405039,1600000US0544600,0544600,Maumelle,Maumelle city,AR,Arkansas,25,31276784,3217043,0544600
05,09460,02403945,1600000US0509460,0509460,Bryant,Bryant city,AR,Arkansas,25,53079415,226998,0509460
06,58296,02411462,1600000US0658296,0658296,Port Hueneme,Port Hueneme city,CA,California,25,11434772,646717,0658296
06,42468,02410859,1600000US0642468,0642468,Lomita,Lomita city,CA,California,25,4952726,0,0642468
06,17498,02410272,1600000US0617498,0617498,Cudahy,Cudahy city,CA,California,25,3046449,131179,0617498
06,49582,02628761,1600000US0649582,0649582,Mountain House,Mountain House CDP,CA,California,57,11804529,0,0649582
06,62826,02409208,1600000US0662826,0662826,Rosamond,Rosamond CDP,CA,California,57,134995228,551690,0662826
06,00394,02409666,1600000US0600394,0600394,Agoura Hills,Agoura Hills city,CA,California,25,20190547,55687,0600394
06,02924,02409738,1600000US0602924,0602924,Arvin,Arvin city,CA,California,25,12482061,0,0602924
06,54386,02411337,1600000US0654386,0654386,Oroville,Oroville city,CA,California,25,35830540,47848,0654386
06,14274,02409495,1600000US0614274,0614274,Coalinga,Coalinga city,CA,California,25,17734580,79727,0614274
06,84780,02409548,1600000US0684780,0684780,West Rancho Dominguez,West Rancho Dominguez CDP,CA,California,57,10291799,13545,0684780
06,71106,02411873,1600000US0671106,0671106,Shafter,Shafter city,CA,California,25,100221604,0,0671106
06,07064,02407863,1600000US0607064,0607064,Bloomington,Bloomington CDP,CA,California,57,15726088,0,0607064
06,11691,02407979,1600000US0611691,0611691,Casa de Oro-Mount Helix,Casa de Oro-Mount Helix CDP,CA,California,57,17743954,0,0611691
06,84774,02409564,1600000US0684774,0684774,West Puente Valley,West Puente Valley CDP,CA,California,57,4842002,2700,0684774
06,81638,02409392,1600000US0681638,0681638,Valinda,Valinda CDP,CA,California,57,5213065,0,0681638
06,74130,02583151,1600000US0674130,0674130,Stevenson Ranch,Stevenson Ranch CDP,CA,California,57,16607591,2399,0674130
06,36280,02410097,1600000US0636280,0636280,Imperial,Imperial city,CA,California,25,16292294,0,0636280
06,56112,02411383,1600000US0656112,0656112,Patterson,Patterson city,CA,California,25,20167365,222151,0656112
06,20903,02804115,1600000US0620903,0620903,East Niles,East Niles CDP,CA,California,57,14134961,0,0620903
06,04415,02407808,1600000US0604415,0604415,Bay Point,Bay Point CDP,CA,California,57,16643645,2637541,0604415
06,85992,02409614,1600000US0685992,0685992,Winter Gardens,Winter Gardens CDP,CA,California,57,11447561,1027,0685992
06,30693,02408318,1600000US0630693,0630693,Granite Bay,Granite Bay CDP,CA,California,57,55810220,111696,0630693
06,53714,02408986,1600000US0653714,0653714,Olivehurst,Olivehurst CDP,CA,California,57,21791564,0,0653714
06,78138,02629134,1600000US0678138,0678138,Temescal Valley,Temescal Valley CDP,CA,California,57,50094238,92242,0678138
06,58870,02409105,1600000US0658870,0658870,Prunedale,Prunedale CDP,CA,California,57,119299815,368885,0658870
06,62854,02409211,1600000US0662854,0662854,Rosedale,Rosedale CDP,CA,California,57,75813312,0,0662854
06,02980,02407773,1600000US0602980,0602980,Ashland,Ashland CDP,CA,California,57,4772238,0,0602980
06,46646,02583077,1600000US0646646,0646646,Mead Valley,Mead Valley CDP,CA,California,57,49415773,0,0646646
06,84144,02409546,1600000US0684144,0684144,West Carson,West Carson CDP,CA,California,57,5868541,33313,0684144
06,39766,02408562,1600000US0639766,0639766,Lakeside,Lakeside CDP,CA,California,57,17944759,894360,0639766
06,59550,02409137,1600000US0659550,0659550,Rancho San Diego,Rancho San Diego CDP,CA,California,57,22523642,0,0659550
06,52379,02408951,1600000US0652379,0652379,North Tustin,North Tustin CDP,CA,California,57,17044619,0,0652379
06,39114,02583048,1600000US0639114,0639114,Ladera Ranch,Ladera Ranch CDP,CA,California,57,12807936,0,0639114
06,21096,02408037,1600000US0621096,0621096,East San Gabriel,East San Gabriel CDP,CA,California,57,5641695,35252,0621096
06,87056,02413524,1600000US0687056,0687056,Yucca Valley,Yucca Valley town,CA,California,43,103161847,0,0687056
06,02476,02409723,1600000US0602476,0602476,Arcata,Arcata city,CA,California,25,24399923,5229392,0602476
06,19990,02410361,1600000US0619990,0619990,Duarte,Duarte city,CA,California,25,17376217,0,0619990
06,52694,02411291,1600000US0652694,0652694,Oakdale,Oakdale city,CA,California,25,16121384,100699,0652694
06,09598,02409955,1600000US0609598,0609598,Calabasas,Calabasas city,CA,California,25,35502601,90645,0609598
06,59346,02409128,1600000US0659346,0659346,Ramona,Ramona CDP,CA,California,57,99548576,49343,0659346
06,19402,02410343,1600000US0619402,0619402,Dixon,Dixon city,CA,California,25,18389794,249127,0619402
06,23462,02408113,1600000US0623462,0623462,Fallbrook,Fallbrook CDP,CA,California,57,45429891,47337,0623462
06,84592,02409575,1600000US0684592,0684592,Westmont,Westmont CDP,CA,California,57,4784057,0,0684592
06,62910,02409213,1600000US0662910,0662910,Rosemont,Rosemont CDP,CA,California,57,11361196,0,0662910
06,66140,02411785,1600000US0666140,0666140,San Fernando,San Fernando city,CA,California,25,6149607,0,0666140
06,41572,02408613,1600000US0641572,0641572,Linda,Linda CDP,CA,California,57,22236546,0,0641572
08,25280,02410467,1600000US0825280,0825280,Evans,Evans city,CO,Colorado,25,26440639,887419,0825280
08,15165,02407634,1600000US0815165,0815165,Clifton,Clifton CDP,CO,Colorado,57,15581872,189369,0815165
09,01150,02378267,1600000US0901150,0901150,Ansonia,Ansonia city,CT,Connecticut,25,15588608,435200,0901150
10,04130,02389183,1600000US1004130,1004130,Bear,Bear CDP,DE,Delaware,57,14981278,0,1004130
12,64975,02405442,1600000US1264975,1264975,Seminole,Seminole city,FL,Florida,25,13420512,1293610,1264975
12,57250,02403420,1600000US1257250,1257250,Pinewood,Pinewood CDP,FL,Florida,57,4539860,357377,1257250
12,27800,02403764,1600000US1227800,1227800,Groveland,Groveland city,FL,Florida,25,53983986,17131555,1227800
12,71225,02405571,1600000US1271225,1271225,Tavares,Tavares city,FL,Florida,25,32027024,4139727,1271225
12,69555,02405548,1600000US1269555,1269555,Sunny Isles Beach,Sunny Isles Beach city,FL,Florida,25,2617380,2076818,1269555
12,54387,02403391,1600000US1254387,1254387,Palm River-Clair Mel,Palm River-Clair Mel CDP,FL,Florida,57,29614143,653117,1254387
12,34400,02402627,1600000US1234400,1234400,Ives Estates,Ives Estates CDP,FL,Florida,57,6599907,552267,1234400
12,39950,02403227,1600000US1239950,1239950,Leisure City,Leisure City CDP,FL,Florida,57,8449113,172737,1239950
12,76487,02403006,1600000US1276487,1276487,West Little River,West Little River CDP,FL,Florida,57,11877888,191593,1276487
12,09415,02546911,1600000US1209415,1209415,Buenaventura Lakes,Buenaventura Lakes CDP,FL,Florida,57,14444011,196269,1209415
12,47050,02404318,1600000US1247050,1247050,Mount Dora,Mount Dora city,FL,Florida,25,21622529,2980369,1247050
12,03675,02403163,1600000US1203675,1203675,Bartow,Bartow city,FL,Florida,25,120231292,16475876,1203675
12,67575,02402874,1600000US1267575,1267575,South Miami Heights,South Miami Heights CDP,FL,Florida,57,12711122,195713,1267575
12,54725,02404469,1600000US1254725,1254725,Panama City Beach,Panama City Beach city,FL,Florida,25,50046314,522435,1254725
12,79225,02405076,1600000US1279225,1279225,Zephyrhills,Zephyrhills city,FL,Florida,25,24742892,140049,1279225
12,54525,02403392,1600000US1254525,1254525,Palm Valley,Palm Valley CDP,FL,Florida,57,31587112,3658388,1254525
12,66175,02402856,1600000US1266175,1266175,Silver Springs Shores,Silver Springs Shores CDP,FL,Florida,57,38678504,557890,1266175
12,32967,02402605,1600000US1232967,1232967,Hunters Creek,Hunters Creek CDP,FL,Florida,57,18248481,70869,1232967
12,71741,02402928,1600000US1271741,1271741,Three Lakes,Three Lakes CDP,FL,Florida,57,8357098,1732583,1271741
12,08300,02402713,1600000US1208300,1208300,Brent,Brent CDP,FL,Florida,57,26486757,427128,1208300
12,39775,02583359,1600000US1239775,1239775,Lealman,Lealman CDP,FL,Florida,57,10417868,167544,1239775
12,14412,02402796,1600000US1214412,1214412,Coral Terrace,Coral Terrace CDP,FL,Florida,57,8699850,187387,1214412
12,31075,02402594,1600000US1231075,1231075,Holiday,Holiday CDP,FL,Florida,57,13854085,904104,1231075
12,67258,02402868,1600000US1267258,1267258,South Bradenton,South Bradenton CDP,FL,Florida,57,11655066,233523,1267258
12,53725,02403384,1600000US1253725,1253725,Pace,Pace CDP,FL,Florida,57,62751977,745108,1253725
12,43300,02805178,1600000US1243300,1243300,Marion Oaks,Marion Oaks CDP,FL,Florida,57,76010774,472974,1243300
12,16675,02404199,1600000US1216675,1216675,DeBary,DeBary city,FL,Florida,25,49083938,7344177,1216675
12,16450,02404190,1600000US1216450,1216450,Davenport,Davenport city,FL,Florida,25,10529933,359264,1216450
12,38950,02404869,1600000US1238950,1238950,Lake Wales,Lake Wales city,FL,Florida,25,48807038,3297718,1238950
12,32610,02583355,1600000US1232610,1232610,Horizon West,Horizon West CDP,FL,Florida,57,84784263,13968863,1232610
12,12425,02402776,1600000US1212425,1212425,Citrus Park,Citrus Park CDP,FL,Florida,57,26325241,1696022,1212425
12,49260,02402549,1600000US1249260,1249260,Northdale,Northdale CDP,FL,Florida,57,20954178,1235134,1249260
12,33250,02402609,1600000US1233250,1233250,Immokalee,Immokalee CDP,FL,Florida,57,58846870,1477492,1233250
12,38350,02403199,1600000US1238350,1238350,Lake Magdalene,Lake Magdalene CDP,FL,Florida,57,26420787,3647797,1238350
12,62275,02403499,1600000US1262275,1262275,Ruskin,Ruskin CDP,FL,Florida,57,47113861,3476187,1262275
12,45465,02583363,1600000US1245465,1245465,Midway,Midway CDP,FL,Florida,57,31117219,59202599,1245465
12,50638,02403364,1600000US1250638,1250638,Oak Ridge,Oak Ridge CDP,FL,Florida,57,9191451,472924,1250638
12,58975,02403449,1600000US1258975,1258975,Princeton,Princeton CDP,FL,Florida,57,19210857,129494,1258975
12,60230,01853280,1600000US1260230,1260230,Richmond West,Richmond West CDP,FL,Florida,57,10804884,288591,1260230
12,23050,02402489,1600000US1223050,1223050,Florida Ridge,Florida Ridge CDP,FL,Florida,57,27894329,4699302,1223050
12,43800,02403272,1600000US1243800,1243800,Meadow Woods,Meadow Woods CDP,FL,Florida,57,28933797,748814,1243800
12,26100,02402529,1600000US1226100,1226100,Glenvar Heights,Glenvar Heights CDP,FL,Florida,57,10562191,511544,1226100
12,19212,02402431,1600000US1219212,1219212,East Lake-Orient Park,East Lake-Orient Park CDP,FL,Florida,57,40957965,2869223,1219212
12,22387,02402482,1600000US1222387,1222387,Fish Hawk,Fish Hawk CDP,FL,Florida,57,41997048,428504,1222387
12,20108,01853249,1600000US1220108,1220108,Egypt Lake-Leto,Egypt Lake-Leto CDP,FL,Florida,57,15301552,838644,1220108
12,76675,02403008,1600000US1276675,1276675,West Pensacola,West Pensacola CDP,FL,Florida,57,18574233,392098,1276675
12,35350,02402631,1600000US1235350,1235350,Jasmine Estates,Jasmine Estates CDP,FL,Florida,57,9403108,133488,1235350
12,20925,02402457,1600000US1220925,1220925,Ensley,Ensley CDP,FL,Florida,57,31649876,149571,1220925
12,22660,02583342,1600000US1222660,1222660,Fleming Island,Fleming Island CDP,FL,Florida,57,41020989,18869846,1222660
12,41825,02404981,1600000US1241825,1241825,Lynn Haven,Lynn Haven city,FL,Florida,25,27072014,193745,1241825
12,21350,02403580,1600000US1221350,1221350,Eustis,Eustis city,FL,Florida,25,28752772,4996535,1221350
12,50630,02583371,1600000US1250630,1250630,Oakleaf Plantation,Oakleaf Plantation CDP,FL,Florida,57,42537083,420870,1250630
12,71567,02402922,1600000US1271567,1271567,The Crossings,The Crossings CDP,FL,Florida,57,8903853,328645,1271567
12,06875,02402694,1600000US1206875,1206875,Bloomingdale,Bloomingdale CDP,FL,Florida,57,21067201,644249,1206875
12,48850,02583369,1600000US1248850,1248850,Nocatee,Nocatee CDP,FL,Florida,57,69433174,2504132,1248850
12,42575,02405000,1600000US1242575,1242575,Maitland,Maitland city,FL,Florida,25,13882185,2894630,1242575
12,01675,02402649,1600000US1201675,1201675,Apollo Beach,Apollo Beach CDP,FL,Florida,57,50968039,6766047,1201675
12,26375,02402532,1600000US1226375,1226375,Golden Glades,Golden Glades CDP,FL,Florida,57,12514838,496240,1226375
12,78800,02403044,1600000US1278800,1278800,Wright,Wright CDP,FL,Florida,57,14230332,224564,1278800
12,30025,02404690,1600000US1230025,1230025,Hialeah Gardens,Hialeah Gardens city,FL,Florida,25,8344775,1161077,1230025
12,26300,02402531,1600000US1226300,1226300,Golden Gate,Golden Gate CDP,FL,Florida,57,10112933,534727,1226300
12,78740,02583391,1600000US1278740,1278740,World Golf Village,World Golf Village CDP,FL,Florida,57,69984702,1088318,1278740
13,21324,02404179,1600000US1321324,1321324,Dallas,Dallas city,GA,Georgia,25,19116527,92553,1321324
13,13688,02404002,1600000US1313688,1313688,Cartersville,Cartersville city,GA,Georgia,25,74122058,317826,1313688
13,60340,02404504,1600000US1360340,1360340,Perry,Perry city,GA,Georgia,25,69867390,337064,1360340
13,35716,02403765,1600000US1335716,1335716,Grovetown,Grovetown city,GA,Georgia,25,13654314,33435,1335716
13,28968,02403603,1600000US1328968,1328968,Fayetteville,Fayetteville city,GA,Georgia,25,33575755,562341,1328968
13,30536,02403636,1600000US1330536,1330536,Forest Park,Forest Park city,GA,Georgia,25,24111918,156658,1330536
13,63952,02403465,1600000US1363952,1363952,Redan,Redan CDP,GA,Georgia,57,20949101,99137,1363952
13,12834,02402746,1600000US1312834,1312834,Candler-McAfee,Candler-McAfee CDP,GA,Georgia,57,18035427,41411,1312834
13,00408,02403059,1600000US1300408,1300408,Acworth,Acworth city,GA,Georgia,25,23543998,1811041,1300408
13,39524,02404716,1600000US1339524,1339524,Holly Springs,Holly Springs city,GA,Georgia,25,18621170,260589,1339524
13,12456,02403967,1600000US1312456,1312456,Calhoun,Calhoun city,GA,Georgia,25,41530025,193617,1312456
13,71604,02405480,1600000US1371604,1371604,Snellville,Snellville city,GA,Georgia,25,27119247,339919,1371604
13,16544,02404059,1600000US1316544,1316544,Clarkston,Clarkston city,GA,Georgia,25,4777884,36617,1316544
15,07470,02414015,1600000US1507470,1507470,Ewa Gentry,Ewa Gentry CDP,HI,Hawaii,57,5513935,0,1507470
15,23000,02414058,1600000US1523000,1523000,Kailua,Kailua CDP,HI,Hawaii,57,35733828,13976275,1523000
15,30300,02583418,1600000US1530300,1530300,Kapolei,Kapolei CDP,HI,Hawaii,57,11316578,0,1530300
16,01990,02409701,1600000US1601990,1601990,Ammon,Ammon city,ID,Idaho,25,19766181,33963,1601990
17,16691,02393651,1600000US1716691,1716691,Country Club Hills,Country Club Hills city,IL,Illinois,25,12872726,43099,1716691
17,70720,02399846,1600000US1770720,1770720,South Elgin,South Elgin village,IL,Illinois,47,18285806,520486,1770720
17,35879,02398537,1600000US1735879,1735879,Homewood,Homewood village,IL,Illinois,47,13509051,122555,1735879
17,23724,02398817,1600000US1723724,1723724,Elmwood Park,Elmwood Park village,IL,Illinois,47,4942717,0,1723724
17,17458,02393670,1600000US1717458,1717458,Crest Hill,Crest Hill city,IL,Illinois,25,23416935,369537,1717458
17,48242,02399308,1600000US1748242,1748242,Melrose Park,Melrose Park village,IL,Illinois,47,11274888,0,1748242
17,57732,02399622,1600000US1757732,1757732,Park Forest,Park Forest village,IL,Illinois,47,12849742,0,1757732
17,50218,02399387,1600000US1750218,1750218,Montgomery,Montgomery village,IL,Illinois,47,24083565,638491,1750218
17,42028,02398395,1600000US1742028,1742028,Lansing,Lansing village,IL,Illinois,47,19327056,148891,1742028
17,57394,02396134,1600000US1757394,1757394,Palos Hills,Palos Hills city,IL,Illinois,25,10997852,113870,1757394
17,70850,02399849,1600000US1770850,1770850,South Holland,South Holland village,IL,Illinois,47,18740904,40377,1770850
17,20292,02398734,1600000US1720292,1720292,Dolton,Dolton village,IL,Illinois,47,11837952,304312,1720292
17,47774,02399280,1600000US1747774,1747774,Maywood,Maywood village,IL,Illinois,47,7038039,0,1747774
19,01630,02393939,1600000US1901630,1901630,Altoona,Altoona city,IA,Iowa,25,30250676,31970,1901630
21,11170,02402734,1600000US2111170,2111170,Burlington,Burlington CDP,KY,Kentucky,57,22826584,0,2111170
22,48785,02403256,1600000US2248785,2248785,Marrero,Marrero CDP,LA,Louisiana,57,18646690,1518181,2248785
22,33245,02402571,1600000US2233245,2233245,Harvey,Harvey CDP,LA,Louisiana,57,16800231,1300667,2233245
22,73640,02405540,1600000US2273640,2273640,Sulphur,Sulphur city,LA,Louisiana,25,29062267,42041,2273640
22,75180,02402921,1600000US2275180,2275180,Terrytown,Terrytown CDP,LA,Louisiana,57,9489460,84243,2275180
24,65600,02389740,1600000US2465600,2465600,Reisterstown,Reisterstown CDP,MD,Maryland,57,13187972,11731,2465600
24,25750,02389033,1600000US2425750,2425750,Elkridge,Elkridge CDP,MD,Maryland,57,21651513,26825,2425750
24,47450,02390085,1600000US2447450,2447450,Lochearn,Lochearn CDP,MD,Maryland,57,14479074,78217,2447450
24,17350,02389325,1600000US2417350,2417350,Clarksburg,Clarksburg CDP,MD,Maryland,57,24989871,800933,2417350
24,03800,02389170,1600000US2403800,2403800,Ballenger Creek,Ballenger Creek CDP,MD,Maryland,57,27961794,39128,2403800
24,41250,02390603,1600000US2441250,2441250,Hyattsville,Hyattsville city,MD,Maryland,25,7005779,68516,2441250
24,52562,02389483,1600000US2452562,2452562,Milford Mill,Milford Mill CDP,MD,Maryland,57,17986554,28899,2452562
24,25150,02389028,1600000US2425150,2425150,Edgewood,Edgewood CDP,MD,Maryland,57,44297363,343677,2425150
24,56725,02389572,1600000US2456725,2456725,North Laurel,North Laurel CDP,MD,Maryland,57,16787367,146467,2456725
24,27250,02389060,1600000US2427250,2427250,Fairland,Fairland CDP,MD,Maryland,57,12859450,45369,2427250
24,12600,02389271,1600000US2412600,2412600,Camp Springs,Camp Springs CDP,MD,Maryland,57,19890716,39837,2412600
24,45325,02389871,1600000US2445325,2445325,Landover,Landover CDP,MD,Maryland,57,10359980,13340,2445325
24,65312,02389735,1600000US2465312,2465312,Redland,Redland CDP,MD,Maryland,57,18631495,392814,2465312
24,44975,02390025,1600000US2444975,2444975,Lake Shore,Lake Shore CDP,MD,Maryland,57,34767072,10884310,2444975
24,73650,02390321,1600000US2473650,2473650,South Laurel,South Laurel CDP,MD,Maryland,57,20901679,88305,2473650
24,59425,02389631,1600000US2459425,2459425,Owings Mills,Owings Mills CDP,MD,Maryland,57,24689264,97188,2459425
24,20875,02389375,1600000US2420875,2420875,Crofton,Crofton CDP,MD,Maryland,57,17123527,0,2420875
24,45525,02390032,1600000US2445525,2445525,Langley Park,Langley Park CDP,MD,Maryland,57,2574973,84,2445525
24,53325,02389499,1600000US2453325,2453325,Montgomery Village,Montgomery Village CDP,MD,Maryland,57,10054415,209839,2453325
24,06400,02389202,1600000US2406400,2406400,Beltsville,Beltsville CDP,MD,Maryland,57,18663312,70399,2406400
25,67700,02378235,1600000US2567700,2567700,Stoneham,Stoneham CDP,MA,Massachusetts,57,15578670,1632658,2567700
25,25485,00618364,1600000US2525485,2525485,Gardner,Gardner city,MA,Massachusetts,25,57153213,2454620,2525485
26,36700,01626436,1600000US2636700,2636700,Harper Woods,Harper Woods city,MI,Michigan,25,6810296,0,2636700
26,08640,01625941,1600000US2608640,2608640,Birmingham,Birmingham city,MI,Michigan,25,12415070,31709,2608640
26,34160,01626375,1600000US2634160,2634160,Grandville,Grandville city,MI,Michigan,25,18769951,1106861,2634160
27,24308,02394924,1600000US2724308,2724308,Golden Valley,Golden Valley city,MN,Minnesota,25,26411366,884667,2724308
27,45430,02395187,1600000US2745430,2745430,New Brighton,New Brighton city,MN,Minnesota,25,16820763,1533795,2745430
27,45628,02395201,1600000US2745628,2745628,New Hope,New Hope city,MN,Minnesota,25,13097543,148367,2745628
28,26860,02403686,1600000US2826860,2826860,Gautier,Gautier city,MS,Mississippi,25,78365955,4830360,2826860
28,55360,02404485,1600000US2855360,2855360,Pascagoula,Pascagoula city,MS,Mississippi,25,39824122,23659078,2855360
29,00280,02393314,1600000US2900280,2900280,Affton,Affton CDP,MO,Missouri,57,11836907,0,2900280
29,54352,02583784,1600000US2954352,2954352,Old Jamestown,Old Jamestown CDP,MO,Missouri,57,38668212,22627,2954352
32,22500,02410428,1600000US3222500,3222500,Elko,Elko city,NV,Nevada,25,46219690,0,3222500
32,71600,02410028,1600000US3271600,3271600,Sun Valley,Sun Valley CDP,NV,Nevada,57,37745431,0,3271600
34,64620,00885379,1600000US3464620,3464620,Roselle,Roselle borough,NJ,New Jersey,21,6824647,32524,3464620
34,34470,02389973,1600000US3434470,3434470,Iselin,Iselin CDP,NJ,New Jersey,57,8162841,2713,3434470
34,66570,00885392,1600000US3466570,3466570,Secaucus,Secaucus town,NJ,New Jersey,43,15090370,1857041,3466570
34,59640,00885356,1600000US3459640,3459640,Pleasantville,Pleasantville city,NJ,New Jersey,25,14817264,4045440,3459640
34,65280,00885383,1600000US3465280,3465280,Rutherford,Rutherford borough,NJ,New Jersey,21,7202944,290156,3465280
34,55770,00885338,1600000US3455770,3455770,Palisades Park,Palisades Park borough,NJ,New Jersey,21,3208856,107873,3455770
34,68370,02390312,1600000US3468370,3468370,Somerset,Somerset CDP,NJ,New Jersey,57,16392687,346537,3468370
34,40440,00885279,1600000US3440440,3440440,Lindenwold,Lindenwold borough,NJ,New Jersey,21,10106242,108551,3440440
34,21300,00885207,1600000US3421300,3421300,Elmwood Park,Elmwood Park borough,NJ,New Jersey,21,6845113,211085,3421300
36,18157,02389359,1600000US3618157,3618157,Coram,Coram CDP,NY,New York,57,35809365,0,3618157
36,35254,02389946,1600000US3635254,3635254,Holtsville,Holtsville CDP,NY,New York,57,18411792,0,3635254
36,35056,02389939,1600000US3635056,3635056,Holbrook,Holbrook CDP,NY,New York,57,17826641,0,3635056
36,22612,02389444,1600000US3622612,3622612,East Northport,East Northport CDP,NY,New York,57,13350783,0,3622612
36,28178,02390857,1600000US3628178,3628178,Garden City,Garden City village,NY,New York,47,13799905,71483,3628178
36,48010,02389494,1600000US3648010,3648010,Monsey,Monsey CDP,NY,New York,57,5937904,35515,3648010
36,49407,02389526,1600000US3649407,3649407,Nanuet,Nanuet CDP,NY,New York,57,14076190,13218,3649407
36,43874,02390951,1600000US3643874,3643874,Lynbrook,Lynbrook village,NY,New York,47,5213220,0,3643874
36,51396,02389559,1600000US3651396,3651396,North Amityville,North Amityville CDP,NY,New York,57,6103773,0,3651396
36,51495,02389562,1600000US3651495,3651495,North Bay Shore,North Bay Shore CDP,NY,New York,57,8279693,0,3651495
36,22733,02389446,1600000US3622733,3622733,East Patchogue,East Patchogue CDP,NY,New York,57,21544165,372306,3622733
36,37869,02389974,1600000US3637869,3637869,Islip,Islip CDP,NY,New York,57,12292964,1687132,3637869
36,04143,02389168,1600000US3604143,3604143,Baldwin,Baldwin CDP,NY,New York,57,10654991,1541841,3604143
36,24273,02389038,1600000US3624273,3624273,Elmont,Elmont CDP,NY,New York,57,8831008,30398,3624273
36,76089,02390417,1600000US3676089,3676089,Uniondale,Uniondale CDP,NY,New York,57,14792087,0,3676089
36,80225,02390475,1600000US3680225,3680225,West Hempstead,West Hempstead CDP,NY,New York,57,6883715,182142,3680225
36,46404,02389468,1600000US3646404,3646404,Medford,Medford CDP,NY,New York,57,27968187,0,3646404
36,63473,02389770,1600000US3663473,3663473,Ronkonkoma,Ronkonkoma CDP,NY,New York,57,20999858,859817,3663473
36,19972,02389400,1600000US3619972,3619972,Deer Park,Deer Park CDP,NY,New York,57,15973368,9723,3619972
36,78146,02390451,1600000US3678146,3678146,Wantagh,Wantagh CDP,NY,New York,57,9919069,768885,3678146
36,44831,02390959,1600000US3644831,3644831,Mamaroneck,Mamaroneck village,NY,New York,47,8311614,8822663,3644831
36,04935,02389179,1600000US3604935,3604935,Bay Shore,Bay Shore CDP,NY,New York,57,14706490,2706440,3604935
36,18146,02389357,1600000US3618146,3618146,Copiague,Copiague CDP,NY,New York,57,8008831,1597055,3618146
36,46668,02389474,1600000US3646668,3646668,Merrick,Merrick CDP,NY,New York,57,10311480,3029606,3646668
36,51517,02389564,1600000US3651517,3651517,North Bellmore,North Bellmore CDP,NY,New York,57,6786406,0,3651517
37,36080,02405958,1600000US3736080,3736080,Knightdale,Knightdale town,NC,North Carolina,43,20580242,16759,3736080
37,71460,02406844,1600000US3771460,3771460,Waxhaw,Waxhaw town,NC,North Carolina,43,31417888,234197,3771460
37,61200,02405454,1600000US3761200,3761200,Shelby,Shelby city,NC,North Carolina,25,57788409,85073,3761200
37,29800,02406649,1600000US3729800,3729800,Harrisburg,Harrisburg town,NC,North Carolina,43,29703185,0,3729800
39,48482,01085980,1600000US3948482,3948482,Mayfield Heights,Mayfield Heights city,OH,Ohio,25,10797012,24687,3948482
39,22694,02394565,1600000US3922694,3922694,Dublin,Dublin city,OH,Ohio,25,63923068,925661,3922694
39,01420,01086972,1600000US3901420,3901420,Alliance,Alliance city,OH,Ohio,25,23340322,116395,3901420
39,59416,01086428,1600000US3959416,3959416,Painesville,Painesville city,OH,Ohio,25,17677725,470707,3959416
39,77504,02397059,1600000US3977504,3977504,Trotwood,Trotwood city,OH,Ohio,25,78960809,56147,3977504
39,59234,02396116,1600000US3959234,3959234,Oxford,Oxford city,OH,Ohio,25,20043964,8641,3959234
39,61028,01085992,1600000US3961028,3961028,Parma Heights,Parma Heights city,OH,Ohio,25,10869165,303,3961028
39,73264,01086000,1600000US3973264,3973264,South Euclid,South Euclid city,OH,Ohio,25,12066855,0,3973264
39,27706,01086209,1600000US3927706,3927706,Forest Park,Forest Park city,OH,Ohio,25,16703016,12389,3927706
39,47306,01085978,1600000US3947306,3947306,Maple Heights,Maple Heights city,OH,Ohio,25,13388140,810,3947306
39,74076,02395938,1600000US3974076,3974076,Springboro,Springboro city,OH,Ohio,25,23879694,1233,3974076
39,57386,01086224,1600000US3957386,3957386,Norwood,Norwood city,OH,Ohio,25,8140354,0,3957386
39,76106,01087019,1600000US3976106,3976106,Tallmadge,Tallmadge city,OH,Ohio,25,36364268,53250,3976106
39,84812,02393852,1600000US3984812,3984812,White Oak,White Oak CDP,OH,Ohio,57,16089269,0,3984812
41,12400,02409428,1600000US4112400,4112400,Central Point,Central Point city,OR,Oregon,25,10186284,0,4112400
41,32850,02408360,1600000US4132850,4132850,Hayesville,Hayesville CDP,OR,Oregon,57,7821745,0,4132850
42,60120,01215076,1600000US4260120,4260120,Phoenixville,Phoenixville borough,PA,Pennsylvania,21,9092167,538633,4260120
42,41432,01215473,1600000US4241432,4241432,Lansdale,Lansdale borough,PA,Pennsylvania,21,7750635,0,4241432
44,14140,01220067,1600000US4414140,4414140,Central Falls,Central Falls city,RI,Rhode Island,25,3092443,208466,4414140
45,75850,02405706,1600000US4575850,4575850,West Columbia,West Columbia city,SC,South Carolina,25,23757548,449996,4575850
45,32065,02403792,1600000US4532065,4532065,Hanahan,Hanahan city,SC,South Carolina,25,27275488,2664258,4532065
45,11833,02812966,1600000US4511833,4511833,Carolina Forest,Carolina Forest CDP,SC,South Carolina,57,43551083,1217304,4511833
45,71395,02402918,1600000US4571395,4571395,Taylors,Taylors CDP,SC,South Carolina,57,27352762,103545,4571395
45,67390,02402863,1600000US4567390,4567390,Socastee,Socastee CDP,SC,South Carolina,57,34615151,1345420,4567390
45,62395,02403501,1600000US4562395,4562395,St. Andrews,St. Andrews CDP,SC,South Carolina,57,15996561,61622,4562395
45,51280,02404397,1600000US4551280,4551280,North Myrtle Beach,North Myrtle Beach city,SC,South Carolina,25,56247083,1470365,4551280
47,22720,02403535,1600000US4722720,4722720,East Ridge,East Ridge city,TN,Tennessee,25,21450132,0,4722720
48,76672,02412191,1600000US4876672,4876672,Watauga,Watauga city,TX,Texas,25,10772051,2743,4876672
48,24348,02410443,1600000US4824348,4824348,Ennis,Ennis city,TX,Texas,25,84180163,1430254,4824348
48,03300,02409712,1600000US4803300,4803300,Anna,Anna city,TX,Texas,25,42591450,228637,4803300
48,14236,02408011,1600000US4814236,4814236,Channelview,Channelview CDP,TX,Texas,57,37320453,8623027,4814236
48,67763,02408734,1600000US4867763,4867763,Sienna,Sienna CDP,TX,Texas,57,32588064,887435,4867763
48,38476,02410166,1600000US4838476,4838476,Katy,Katy city,TX,Texas,25,37669505,76055,4838476
48,69908,02411965,1600000US4869908,4869908,Stafford,Stafford city,TX,Texas,25,18158983,85937,4869908
48,64064,02411019,1600000US4864064,4864064,Sachse,Sachse city,TX,Texas,25,25265139,300050,4864064
48,70154,02805844,1600000US4870154,4870154,Steiner Ranch,Steiner Ranch CDP,TX,Texas,57,17192588,0,4870154
48,59576,02411493,1600000US4859576,4859576,Princeton,Princeton city,TX,Texas,25,26154061,147544,4859576
48,14929,02407623,1600000US4814929,4814929,Cinco Ranch,Cinco Ranch CDP,TX,Texas,57,11682210,271787,4814929
48,27540,02408264,1600000US4827540,4827540,Fresno,Fresno CDP,TX,Texas,57,22077692,176739,4827540
48,01576,02409670,1600000US4801576,4801576,Alamo,Alamo city,TX,Texas,25,19589482,0,4801576
48,34832,02410793,1600000US4834832,4834832,Horizon City,Horizon City city,TX,Texas,25,22569150,13207,4834832
48,73057,02409324,1600000US4873057,4873057,Timberwood Park,Timberwood Park CDP,TX,Texas,57,52774079,124349,4873057
48,31328,02410669,1600000US4831328,4831328,Groves,Groves city,TX,Texas,25,13418643,37184,4831328
48,77728,02409558,1600000US4877728,4877728,West Odessa,West Odessa CDP,TX,Texas,57,160940934,223764,4877728
48,56482,02409046,1600000US4856482,4856482,Pecan Grove,Pecan Grove CDP,TX,Texas,57,21427754,377585,4856482
48,10897,02407915,1600000US4810897,4810897,Brushy Creek,Brushy Creek CDP,TX,Texas,57,16707968,110839,4810897
48,15628,02407640,1600000US4815628,4815628,Cloverleaf,Cloverleaf CDP,TX,Texas,57,7996114,2549,4815628
48,48772,02408842,1600000US4848772,4848772,Mission Bend,Mission Bend CDP,TX,Texas,57,12345407,48631,4848772
48,58904,02411472,1600000US4858904,4858904,Portland,Portland city,TX,Texas,25,32349054,6873704,4858904
48,17960,02410270,1600000US4817960,4817960,Crowley,Crowley city,TX,Texas,25,18931105,32438,4817960
48,41116,02411575,1600000US4841116,4841116,La Marque,La Marque city,TX,Texas,25,35738002,1356375,4841116
49,82930,02412220,1600000US4982930,4982930,West Haven,West Haven city,UT,Utah,25,27761329,10891,4982930
49,14290,02409486,1600000US4914290,4914290,Clinton,Clinton city,UT,Utah,25,15364412,4402,4914290
51,51192,02389475,1600000US5151192,5151192,Merrifield,Merrifield CDP,VA,Virginia,57,6989357,16021,5151192
51,87410,02584939,1600000US5187410,5187410,Woodlawn,Woodlawn CDP,VA,Virginia,57,5929386,25413,5187410
51,50568,02584878,1600000US5150568,5150568,Meadowbrook,Meadowbrook CDP,VA,Virginia,57,21108144,324076,5150568
51,31200,02389846,1600000US5131200,5131200,Glen Allen,Glen Allen CDP,VA,Virginia,57,22787450,178260,5131200
51,44280,02390037,1600000US5144280,5144280,Laurel,Laurel CDP,VA,Virginia,57,13955715,99584,5144280
51,29552,02389809,1600000US5129552,5129552,Franconia,Franconia CDP,VA,Virginia,57,9010098,15434,5129552
51,47064,02390093,1600000US5147064,5147064,Lorton,Lorton CDP,VA,Virginia,57,13796156,178670,5147064
51,68880,02389774,1600000US5168880,5168880,Rose Hill,Rose Hill CDP,VA,Virginia,57,14550485,40879,5168880
51,52658,02389498,1600000US5152658,5152658,Montclair,Montclair CDP,VA,Virginia,57,15554075,439068,5152658
51,10776,02629765,1600000US5110776,5110776,Buckhall,Buckhall CDP,VA,Virginia,57,51025118,1561258,5110776
51,09188,02584813,1600000US5109188,5109188,Brambleton,Brambleton CDP,VA,Virginia,57,14904986,132694,5109188
51,16096,02389312,1600000US5116096,5116096,Chester,Chester CDP,VA,Virginia,57,34083462,306052,5116096
51,30176,02389822,1600000US5130176,5130176,Gainesville,Gainesville CDP,VA,Virginia,57,26191553,1467773,5130176
51,04088,02389166,1600000US5104088,5104088,Bailey's Crossroads,Bailey's Crossroads CDP,VA,Virginia,57,5312933,732,5104088
51,14744,02389302,1600000US5114744,5114744,Chantilly,Chantilly CDP,VA,Virginia,57,31084301,318058,5114744
51,15176,02630624,1600000US5115176,5115176,Cherry Hill,Cherry Hill CDP,VA,Virginia,57,20209430,3603946,5115176
53,07170,02409880,1600000US5307170,5307170,Bonney Lake,Bonney Lake city,WA,Washington,25,21284938,174041,5307170
53,46685,02411137,1600000US5346685,5346685,Monroe,Monroe city,WA,Washington,25,15792003,156304,5346685
53,19630,02584969,1600000US5319630,5319630,Eastmont,Eastmont CDP,WA,Washington,57,13245575,54976,5319630
53,25475,02408258,1600000US5325475,5325475,Frederickson,Frederickson CDP,WA,Washington,57,29295192,19209,5325475
53,08552,02407916,1600000US5308552,5308552,Bryn Mawr-Skyway,Bryn Mawr-Skyway CDP,WA,Washington,57,7392125,644735,5308552
53,04475,02409796,1600000US5304475,5304475,Battle Ground,Battle Ground city,WA,Washington,25,22131190,0,5304475
53,47735,02411192,1600000US5347735,5347735,Mukilteo,Mukilteo city,WA,Washington,25,16204735,3059416,5347735
53,02585,02409732,1600000US5302585,5302585,Arlington,Arlington city,WA,Washington,25,25417391,13346,5302585
53,45865,02411108,1600000US5345865,5345865,Mill Creek,Mill Creek city,WA,Washington,25,12026761,37933,5345865
53,64365,02408740,1600000US5364365,5364365,Silverdale,Silverdale CDP,WA,Washington,57,32719917,2488973,5364365
53,43815,02408186,1600000US5343815,5343815,Martha Lake,Martha Lake CDP,WA,Washington,57,11791042,236619,5343815
54,52060,02390615,1600000US5452060,5452060,Martinsburg,Martinsburg city,WV,West Virginia,25,17173918,42877,5452060
55,51575,01583711,1600000US5551575,5551575,Middleton,Middleton city,WI,Wisconsin,25,23141164,348827,5551575
72,85326,02415075,1600000US7285326,7285326,Vega Baja,Vega Baja zona urbana,PR,Puerto Rico,62,15787231,74616,7285326
